x,y,timestamp
0.0,0.0,1546641486.304168
0.0004452522553037852,0.00033543395693413913,1546641486.514608
0.00015624328807462007,5.357717782317195e-06,1546641486.624171
9.767770097823814e-05,-0.0002746191748883575,1546641486.734295
0.00035219715209677815,0.0001068553829099983,1546641486.884089
0.0003223953244742006,0.00030921961297281086,1546641486.994511
4.685825842898339e-05,0.0001539639342809096,1546641487.144282
1.127753967011813e-05,-2.8967015168746002e-05,1546641487.264149
5.89636001677718e-05,4.7288751375162974e-05,1546641487.37456
-3.185994137311354e-05,-5.3075465984875336e-05,1546641487.524355
0.00013637087249662727,-3.3540309232193977e-06,1546641487.634467
0.00010502112854737788,0.00026293459814041853,1546641487.744554
-0.0003794603981077671,-0.0002462873235344887,1546641487.864132
-0.00020971109915990382,-2.156927621399518e-05,1546641487.984228
2.4459084670525044e-05,0.00018313160398975015,1546641488.124207
-6.927172216819599e-05,-0.00019873010751325637,1546641488.23418
9.538648009765893e-05,-0.00018770927272271365,1546641488.395385
0.00018126536451745778,3.9969592762645334e-05,1546641488.514129
6.333743658615276e-05,3.2597396057099104e-05,1546641488.62471
0.0002592938835732639,-0.00014167498738970608,1546641488.744115
0.00021677784388884902,-1.9122186131426133e-05,1546641488.854147
-0.00012368940224405378,7.145821291487664e-05,1546641488.974861
-7.023997750366107e-05,-0.00015945328050293028,1546641489.114142
8.208739018300548e-05,-3.045890298380982e-05,1546641489.234257
0.000597617297898978,0.00015225571405608207,1546641489.354313
6.453993137256475e-06,0.00022273625654634088,1546641489.484351
3.3522086596349254e-05,1.1844379514514003e-05,1546641489.604243
0.0004728911444544792,0.0002738211187534034,1546641489.714423
0.00037545725353993475,0.00025607532006688416,1546641489.864139
5.744777081417851e-05,5.7463676057523116e-05,1546641489.984206
0.00037418919964693487,9.921164019033313e-05,1546641490.094533
-0.00013002254127059132,-0.00011782971705542877,1546641490.244125
0.0007969850557856262,0.0008218240109272301,1546641490.344174
0.00023796476307325065,0.0003510492097120732,1546641490.464198
8.181730208889348e-07,4.235723099554889e-05,1546641490.574684
-0.00031226917053572834,6.999188917689025e-05,1546641490.724121
9.277787466999143e-05,-6.052924163668649e-06,1546641490.834538
0.0002839698572643101,6.900345033500344e-05,1546641490.974276
-5.2426723414100707e-05,-0.00022477254969999194,1546641491.084403
-2.9959544917801395e-05,0.00018864231242332608,1546641491.204349
-0.0003251271555200219,0.00012949539814144373,1546641491.364274
8.180557779269293e-05,6.0864276747452095e-05,1546641491.445433
0.0007265981985256076,0.0005400878144428134,1546641491.584049
7.813228876329958e-05,4.089973299414851e-05,1546641491.704237
-0.0001400726177962497,0.00019850986427627504,1546641491.844109
0.00014156359247863293,3.487590583972633e-05,1546641491.954561
-0.00015972756955306977,0.00017179985297843814,1546641492.06417
0.0005377435591071844,0.00019363299361430109,1546641492.214076
0.0005136417457833886,0.0002678983146324754,1546641492.334554
-8.259328751591966e-06,3.204850509064272e-05,1546641492.45423
5.162052548257634e-05,-6.888743882882409e-06,1546641492.57415
0.00016222494014073163,8.652274846099317e-05,1546641492.684094
5.3800464229425415e-05,0.00018892070511355996,1546641492.834212
-4.639550388674252e-05,4.2266819946235046e-05,1546641492.954225
8.734608127269894e-05,-1.3553335520555265e-05,1546641493.064456
4.4987304136157036e-05,2.6642928787623532e-05,1546641493.19416
-7.814543641870841e-05,6.034340913174674e-05,1546641493.304109
0.0007797096623107791,0.0016100722132250667,1546641493.464315
0.0004024192166980356,0.00035403636866249144,1546641493.584797
-0.00012426504690665752,-6.411498907255009e-05,1546641493.69404
0.0007249617483466864,0.00036190846003592014,1546641493.814451
0.000384346378268674,0.00014242534234654158,1546641493.934508
0.00023243755276780576,-0.00011781920329667628,1546641494.044294
1.7850090443971567e-05,0.00017995444068219513,1546641494.194464
0.00016685479204170406,0.00020813039736822248,1546641494.304457
-0.00011197397543583065,0.00018482876475900412,1546641494.444235
0.0008318700711242855,0.0008204421610571444,1546641494.564448
0.00031441907049156725,0.00011543520668055862,1546641494.684169
-1.9174310637026792e-06,-1.5594743672409095e-05,1546641494.814321
0.00043992497376166284,0.00019993736350443214,1546641494.924388
0.0003081221948377788,-0.00024109610239975154,1546641495.044248
7.613622437929735e-05,0.00018113329133484513,1546641495.164217
0.0001392550184391439,-6.106329237809405e-05,1546641495.27447
8.513693319400772e-05,1.497194830335502e-06,1546641495.424306
0.00013446614320855588,-0.0001140442254836671,1546641495.554311
-0.00019855014397762716,-6.174468580866233e-05,1546641495.664157
0.0004026401729788631,0.00014472668408416212,1546641495.774229
0.0002390844892943278,0.00023036084894556552,1546641495.934311
0.0005173942190594971,1.3402832337305881e-05,1546641496.044567
0.0006981988553889096,0.0009956758003681898,1546641496.164158
-8.556710236007348e-05,2.4925060642999597e-05,1546641496.274606
0.00018584239296615124,0.0002079265541397035,1546641496.424322
0.00021135287533979863,7.3913877713494e-05,1546641496.534537
0.00019276038801763207,0.0002236613945569843,1546641496.644232
0.00022631399042438716,0.0003914875560440123,1546641496.774303
0.0004574396589305252,0.0001447580725653097,1546641496.884834
0.00028669097810052335,0.0003147161623928696,1546641497.024129
0.00043142549111507833,0.00038714794209226966,1546641497.144158
0.0010351211531087756,0.0008871240424923599,1546641497.284483
0.0003222678496968001,0.00010724600724643096,1546641497.394402
0.0009368369355797768,-7.359196843026439e-06,1546641497.504086
0.00031984783709049225,0.00016904727090150118,1546641497.654207
0.00019483886717353016,-0.0001560837699798867,1546641497.774156
0.00044240750139579177,0.0004286365583539009,1546641497.904398
0.0003026567865163088,-6.865545583423227e-05,1546641498.024361
0.0012321225367486477,0.0008031526813283563,1546641498.154141
0.00010232700878987089,0.00016673457867000252,1546641498.324629
0.0007705929456278682,0.000508077209815383,1546641498.414429
0.00028707555611617863,0.00011923621059395373,1546641498.504314
6.613810546696186e-05,-0.00027203833451494575,1546641498.644244
1.7361544450977817e-05,-0.00026054788031615317,1546641498.754483
-0.00025711883790791035,-0.0002158882562071085,1546641498.874422
0.0003808191395364702,8.226234058383852e-05,1546641499.024216
5.947385579929687e-05,-0.0006909940275363624,1546641499.134086
-0.00022612439352087677,-0.00025718341930769384,1546641499.244298
-0.0005358200869522989,-0.0009864617604762316,1546641499.42477
-9.744663839228451e-05,-7.426764204865322e-05,1546641499.554409
0.00024115688574966043,5.837010030518286e-05,1546641499.644051
0.0013911171117797494,0.0007851782720535994,1546641499.754367
0.0002653000701684505,-0.00015748036094009876,1546641499.874269
0.00041169000905938447,9.437331755179912e-06,1546641499.974479
-0.00013558640785049647,-0.00041270896326750517,1546641500.124326
0.00011775518942158669,-7.357377035077661e-05,1546641500.245488
0.0003079745511058718,-0.00035305615165270865,1546641500.374629
0.00033628681558184326,-8.070964395301417e-05,1546641500.484338
0.00029181293211877346,1.1376114343875088e-05,1546641500.60414
0.001251297420822084,0.0006908749346621335,1546641500.724562
0.0011089209001511335,0.0004962608218193054,1546641500.874138
0.00043414635001681745,-5.091861021355726e-05,1546641500.984111
0.0006839937996119261,0.00037539179902523756,1546641501.104323
0.0010290357749909163,-7.009027467574924e-05,1546641501.224271
0.0007080871728248894,0.0008837461937218904,1546641501.364321
0.0010694086086004972,0.0008875644998624921,1546641501.484123
0.0002900934487115592,-0.0001095275511033833,1546641501.604456
0.0012455192627385259,0.0007502136286348104,1546641501.754665
0.0014982064021751285,0.0005731270648539066,1546641501.875238
7.093675958458334e-05,-3.3666037779767066e-05,1546641501.994154
0.00048053901991806924,-0.00034769423655234277,1546641502.114112
0.00031387279159389436,-0.000371504167560488,1546641502.224164
-3.083002957282588e-05,-4.868549240200082e-06,1546641502.344208
-3.721685425261967e-05,-5.202748070587404e-05,1546641502.464075
0.00026950499159283936,0.0004262014990672469,1546641502.60464
0.0005337151233106852,0.00011879804515046999,1546641502.724472
0.00025839408044703305,8.811603038338944e-05,1546641502.844152
0.00028054375434294343,0.00012579526810441166,1546641502.954942
0.00024177801969926804,0.00015871987852733582,1546641503.07423
0.00022381822054740041,9.620736818760633e-05,1546641503.234147
-0.00013374585250858217,0.00011283717321930453,1546641503.344335
0.00039790154551155865,7.35051289666444e-05,1546641503.464151
0.001404106616973877,0.001122172805480659,1546641503.58408
0.0007150165620259941,0.0005008395528420806,1546641503.704084
0.0008266594377346337,-8.409901056438684e-05,1546641503.854245
0.0006573429564014077,0.0002781848015729338,1546641503.974232
0.0010678995167836547,0.0007267678738571703,1546641504.084184
0.0011779415654018521,0.0009867512853816152,1546641504.194416
0.00022280843404587358,-9.057829447556287e-05,1546641504.344307
0.0003804323496297002,0.0001791844260878861,1546641504.534464
0.0006296210340224206,-0.0003705800627358258,1546641504.684276
0.0003022553282789886,-4.2068281800311524e-06,1546641504.834131
0.0005748491385020316,0.00016950609278865159,1546641504.94498
0.0006066075875423849,9.743900591274723e-05,1546641505.064486
0.0008795135654509068,-0.00021178480528760701,1546641505.224159
-0.00016855598369147629,2.442250661260914e-05,1546641505.334224
0.0006718181539326906,6.300799577729777e-05,1546641505.444175
0.0014993366785347462,0.0009007571497932076,1546641505.564124
0.00036947461194358766,-2.0462008251342922e-05,1546641505.704528
0.00049988878890872,0.00025277951499447227,1546641505.824105
0.00047579361125826836,0.0002898248203564435,1546641505.934087
0.00081779679749161,-1.4494233255391009e-05,1546641506.054191
0.00011240626190556213,7.530637958552688e-05,1546641506.194917
0.00041726749623194337,-3.583418583730236e-05,1546641506.314413
0.00017057098739314824,8.882108522811905e-05,1546641506.444219
0.00031759581179358065,0.0001800147583708167,1546641506.554089
0.00020832286099903286,-0.00028714831569232047,1546641506.694995
0.00039472844218835235,0.00011064507270930335,1546641506.8144
0.00018155563157051802,-0.0001238087861565873,1546641506.924126
0.0003886245540343225,0.0002353816817048937,1546641507.044137
0.0006581135676242411,-0.0002894932695198804,1546641507.184705
0.0014857876813039184,0.0004274751408956945,1546641507.304102
0.001192515017464757,0.00044398580212146044,1546641507.434202
0.00034381294972263277,0.000165283476235345,1546641507.544937
-5.123695882502943e-05,0.00010598963854135945,1546641507.664099
0.0002529409830458462,1.8952132450067438e-05,1546641507.804174
0.0005894812056794763,0.0003006215556524694,1546641507.914189
-7.246994937304407e-05,0.0002495601074770093,1546641508.064299
0.00017733388813212514,0.00010559926886344329,1546641508.184134
0.0005545218591578305,0.00023119794786907732,1546641508.294279
0.0004716115945484489,0.00024262641090899706,1546641508.414103
0.0006957868463359773,0.0011038249358534813,1546641508.52418
0.0001906450925162062,-1.3848642083758023e-05,1546641508.674148
0.0004036955942865461,-3.7889340092078783e-06,1546641508.785076
7.07686849636957e-05,-0.00011082138371421024,1546641508.904131
0.0004671679635066539,0.0002920572005677968,1546641509.044299
0.0012073295656591654,0.0006162591162137687,1546641509.15419
0.0006560276378877461,0.00014870001177769154,1546641509.264264
0.00024282294907607138,-8.292818529298529e-05,1546641509.458146
-4.095604526810348e-05,-0.00019255181541666389,1546641509.554427
0.0010336310369893909,0.0008971315110102296,1546641509.664531
0.000649327237624675,4.483387237996794e-05,1546641509.784374
0.0006687581189908087,0.0002866483700927347,1546641509.904175
0.00019323978631291538,-1.4859548173262738e-05,1546641510.044223
0.00039653241401538253,1.3684441000805236e-05,1546641510.15444
0.0004273711529094726,-2.7874208171851933e-05,1546641510.274127
0.0001959070796146989,0.00016401015454903245,1546641510.414417
0.0003905636549461633,0.00015957115101628006,1546641510.534243
0.00010224682773696259,-0.0001400398905389011,1546641510.644287
0.00011275976430624723,-0.00019673042697831988,1546641510.764295
0.0015062873717397451,0.000513838604092598,1546641510.884621
-4.94746163894888e-05,-6.637880869675428e-05,1546641510.994553
0.00021984042541589588,0.00020621763542294502,1546641511.144101
0.0009030667715705931,0.0004235277301631868,1546641511.254899
0.0005293728318065405,1.6095729051812668e-06,1546641511.414752
0.00029141499544493854,7.523398380726576e-05,1546641511.494161
0.0009043454774655402,-0.00022619729861617088,1546641511.64468
0.00021171494154259562,-0.0003002478915732354,1546641511.764253
0.007937614805996418,0.0016653066268190742,1546641511.884106
0.019726410508155823,-0.0007501119398511946,1546641512.00413
0.036303214728832245,-0.0024413273204118013,1546641512.11409
0.05436065420508385,-0.0044179135002195835,1546641512.274179
0.08474264293909073,-0.005448003299534321,1546641512.394243
0.12551374733448029,-0.004984849598258734,1546641512.504095
0.17998187243938446,-0.004267767071723938,1546641512.614853
0.2395770251750946,-0.004624622408300638,1546641512.754271
0.3008726239204407,-0.005945602431893349,1546641512.864171
0.3548991084098816,-0.005698772147297859,1546641512.964703
0.4164048135280609,-0.005631694570183754,1546641513.114518
0.4709196984767914,-0.0018721837550401688,1546641513.251864
0.5179396271705627,-0.007397865876555443,1546641513.3946
0.5657263994216919,-0.014839611947536469,1546641513.484466
0.6160976886749268,-0.01179211214184761,1546641513.604465
0.6733996272087097,-0.013910897076129913,1546641513.75593
0.7329918146133423,-0.027797294780611992,1546641513.894946
0.7994834780693054,-0.036676473915576935,1546641513.994717
0.8562242388725281,-0.04269491136074066,1546641514.104722
0.9097949266433716,-0.048238255083560944,1546641514.224693
0.9644742012023926,-0.05474354699254036,1546641514.38617
1.0321826934814453,-0.05951359122991562,1546641514.516704
1.080629587173462,-0.07357774674892426,1546641514.614474
1.1344839334487915,-0.07756955921649933,1546641514.755296
1.187874674797058,-0.08179359138011932,1546641514.844655
1.24105966091156,-0.08858320116996765,1546641514.955762
1.2917616367340088,-0.09726793318986893,1546641515.145308
1.3507790565490723,-0.09999791532754898,1546641515.234492
1.4101165533065796,-0.10920549929141998,1546641515.357148
1.470986008644104,-0.11505788564682007,1546641515.495624
1.5331926345825195,-0.1176781952381134,1546641515.604594
1.5780739784240723,-0.12141719460487366,1546641515.714664
1.6452884674072266,-0.12858030200004578,1546641515.83491
1.7009865045547485,-0.13235265016555786,1546641515.997976
1.761250615119934,-0.14120620489120483,1546641516.114719
1.816662073135376,-0.15153151750564575,1546641516.224981
1.8610693216323853,-0.15338383615016937,1546641516.344556
1.9157085418701172,-0.1611054539680481,1546641516.456403
1.96979820728302,-0.16889090836048126,1546641516.564554
2.028043508529663,-0.16738061606884003,1546641516.705049
2.077606201171875,-0.1805398315191269,1546641516.824754
2.124302864074707,-0.1939266324043274,1546641516.935809
2.175583839416504,-0.19712617993354797,1546641517.119527
2.2363650798797607,-0.2011302411556244,1546641517.244727
2.2907466888427734,-0.2106056809425354,1546641517.324996
2.3437602519989014,-0.21837860345840454,1546641517.444645
2.37561297416687,-0.2175275981426239,1546641517.564872
2.440504550933838,-0.23169763386249542,1546641517.705967
2.4929187297821045,-0.22820837795734406,1546641517.814769
2.5553178787231445,-0.24069412052631378,1546641517.914819
2.624316930770874,-0.25472310185432434,1546641518.055389
2.6793272495269775,-0.2633063495159149,1546641518.205088
2.733330488204956,-0.273131400346756,1546641518.375839
2.8426904678344727,-0.2825530171394348,1546641518.574907
2.908327579498291,-0.2942601442337036,1546641518.69579
2.9701945781707764,-0.2986014187335968,1546641518.804791
3.016519069671631,-0.30279284715652466,1546641518.914812
3.0695698261260986,-0.3068900406360626,1546641519.064834
3.1290085315704346,-0.3153020441532135,1546641519.175417
3.1806044578552246,-0.3213838040828705,1546641519.285014
3.2358806133270264,-0.33132103085517883,1546641519.435363
3.251889228820801,-0.33152174949645996,1546641519.554816
3.3037261962890625,-0.32984721660614014,1546641519.665385
3.3466360569000244,-0.32847216725349426,1546641519.805389
3.382887601852417,-0.330657035112381,1546641519.97685
3.3963184356689453,-0.3143763840198517,1546641520.076882
3.435539722442627,-0.31186965107917786,1546641520.16507
3.4722836017608643,-0.31726157665252686,1546641520.305454
3.5125975608825684,-0.3144758939743042,1546641520.455857
3.5518784523010254,-0.3156222701072693,1546641520.544793
3.602675199508667,-0.31663256883621216,1546641520.664911
3.642500400543213,-0.3165731728076935,1546641520.805259
3.6934046745300293,-0.3206283748149872,1546641520.915084
3.744425058364868,-0.32608890533447266,1546641521.027236
3.802560806274414,-0.3223680257797241,1546641521.195599
3.8654768466949463,-0.3129539489746094,1546641521.360026
3.9757373332977295,-0.32369381189346313,1546641521.53492
4.029863357543945,-0.31937992572784424,1546641521.646116
4.073174476623535,-0.32197508215904236,1546641521.765321
4.121701717376709,-0.3269515633583069,1546641521.905007
4.1790056228637695,-0.3297768831253052,1546641522.015837
4.231867790222168,-0.32900407910346985,1546641522.176773
4.288470268249512,-0.32494860887527466,1546641522.315832
4.366230487823486,-0.32617953419685364,1546641522.426019
4.425200939178467,-0.3310079276561737,1546641522.506888
4.466607093811035,-0.32998088002204895,1546641522.64536
4.522914886474609,-0.3276732861995697,1546641522.74519
4.585123062133789,-0.3199179172515869,1546641522.888286
4.636202812194824,-0.31838423013687134,1546641523.03962
4.685359477996826,-0.31974345445632935,1546641523.167846
4.735404014587402,-0.31135058403015137,1546641523.276107
4.785567283630371,-0.3070811331272125,1546641523.414866
4.847017288208008,-0.30586785078048706,1546641523.558487
4.884037971496582,-0.31068354845046997,1546641523.65609
4.9408793449401855,-0.30885210633277893,1546641523.757698
4.99701452255249,-0.3084026575088501,1546641523.885003
5.062260150909424,-0.3100561797618866,1546641524.016064
5.106395244598389,-0.3146292269229889,1546641524.136263
5.16339635848999,-0.31507137417793274,1546641524.265673
5.217978000640869,-0.3178381621837616,1546641524.417804
5.275209903717041,-0.3196919560432434,1546641524.51703
5.343649387359619,-0.32616913318634033,1546641524.64658
5.395227909088135,-0.3426482081413269,1546641524.796724
5.50531005859375,-0.33908945322036743,1546641524.895663
5.562076091766357,-0.3411267399787903,1546641525.025045
5.618903160095215,-0.34232577681541443,1546641525.156715
5.663414001464844,-0.34539490938186646,1546641525.265692
5.719117641448975,-0.35191047191619873,1546641525.426998
5.771954536437988,-0.35407522320747375,1546641525.577994
5.889610290527344,-0.35948339104652405,1546641525.756238
5.9469780921936035,-0.37143442034721375,1546641525.886734
6.0012993812561035,-0.37393641471862793,1546641526.027039
6.047566890716553,-0.3782416582107544,1546641526.135635
6.114132881164551,-0.3781050145626068,1546641526.248224
6.161166667938232,-0.3769418001174927,1546641526.376696
6.224623203277588,-0.37879228591918945,1546641526.495313
6.279546737670898,-0.39092087745666504,1546641526.615144
6.319748878479004,-0.38953423500061035,1546641526.728291
6.369626045227051,-0.3968876600265503,1546641526.865539
6.427777290344238,-0.4068780541419983,1546641527.01821
6.479248523712158,-0.41366493701934814,1546641527.157301
6.557568073272705,-0.41620221734046936,1546641527.28003
6.602713108062744,-0.4251861870288849,1546641527.366849
6.642889499664307,-0.43299180269241333,1546641527.499231
6.703668117523193,-0.42720067501068115,1546641527.615676
6.776010036468506,-0.4310699701309204,1546641527.725807
6.8212361335754395,-0.43113553524017334,1546641527.846443
6.900177478790283,-0.4361811876296997,1546641527.955618
6.947070598602295,-0.43830278515815735,1546641528.107869
7.01513147354126,-0.4546010196208954,1546641528.275607
7.071484088897705,-0.4682949185371399,1546641528.41706
7.179872989654541,-0.4712256193161011,1546641528.665746
7.278166770935059,-0.4867566227912903,1546641528.845881
7.336070537567139,-0.48352065682411194,1546641528.956115
7.399560451507568,-0.4660114049911499,1546641529.065774
7.449103355407715,-0.4761500954627991,1546641529.216607
7.494818210601807,-0.4789790213108063,1546641529.348391
7.545482635498047,-0.4702184200286865,1546641529.526245
7.62398624420166,-0.47625336050987244,1546641529.716104
7.682705402374268,-0.47267279028892517,1546641529.838129
7.720642566680908,-0.47813132405281067,1546641529.945527
7.799072742462158,-0.47116681933403015,1546641530.08685
7.8596038818359375,-0.46773838996887207,1546641530.195662
7.917541980743408,-0.47994184494018555,1546641530.305758
7.9413628578186035,-0.4770579934120178,1546641530.449169
7.999805927276611,-0.4743835926055908,1546641530.585837
8.057576179504395,-0.4717952013015747,1546641530.738149
8.118555068969727,-0.47218942642211914,1546641530.868948
8.161937713623047,-0.4650406837463379,1546641530.976659
8.216195106506348,-0.46838679909706116,1546641531.055693
8.270136833190918,-0.4686674475669861,1546641531.206764
8.313007354736328,-0.4702872931957245,1546641531.315537
8.36577320098877,-0.4660026431083679,1546641531.46714
8.413466453552246,-0.46559762954711914,1546641531.567964
8.468462944030762,-0.46246087551116943,1546641531.686719
8.52070426940918,-0.4762057960033417,1546641531.805903
8.573284149169922,-0.47975653409957886,1546641531.936076
8.625697135925293,-0.4892207384109497,1546641532.077495
8.687112808227539,-0.49061739444732666,1546641532.24689
8.800074577331543,-0.4889659583568573,1546641532.476657
8.84920597076416,-0.49761971831321716,1546641532.576128
8.913896560668945,-0.5035416483879089,1546641532.666183
8.96560001373291,-0.5040379166603088,1546641532.796409
9.014677047729492,-0.5042631030082703,1546641532.906936
9.062620162963867,-0.5164496302604675,1546641533.05604
9.125779151916504,-0.5102874040603638,1546641533.166337
9.187972068786621,-0.5109808444976807,1546641533.295777
9.25387191772461,-0.5263320803642273,1546641533.425845
9.312616348266602,-0.5397581458091736,1546641533.546999
9.353250503540039,-0.5211302638053894,1546641533.665902
9.400480270385742,-0.5245274901390076,1546641533.785619
9.426604270935059,-0.5236037969589233,1546641533.907139
9.471458435058594,-0.5283845663070679,1546641534.088827
9.511524200439453,-0.5320121645927429,1546641534.236362
9.550859451293945,-0.5370702147483826,1546641534.347236
9.67294692993164,-0.5521522164344788,1546641534.525871
9.755464553833008,-0.5538110136985779,1546641534.656597
9.803065299987793,-0.5580942034721375,1546641534.785969
9.85413932800293,-0.5643119812011719,1546641534.905981
9.898971557617188,-0.5736430883407593,1546641535.036007
9.954585075378418,-0.5702988505363464,1546641535.146402
10.026015281677246,-0.57047438621521,1546641535.266254
10.072561264038086,-0.5828827619552612,1546641535.395927
10.124236106872559,-0.5806372761726379,1546641535.516185
10.193872451782227,-0.5909137725830078,1546641535.636174
10.238547325134277,-0.6017342209815979,1546641535.756826
10.307522773742676,-0.5988034009933472,1546641535.916874
10.37433910369873,-0.6173908710479736,1546641536.036092
10.369016647338867,-0.6053915619850159,1546641536.155854
10.400379180908203,-0.6022297143936157,1546641536.267504
10.421154975891113,-0.5941097140312195,1546641536.426013
10.447699546813965,-0.5896928310394287,1546641536.569303
10.468159675598145,-0.5753697156906128,1546641536.683946
10.4935884475708,-0.5628052949905396,1546641536.823459
10.529288291931152,-0.5463746786117554,1546641537.022301
10.562679290771484,-0.528141975402832,1546641537.15191
10.588488578796387,-0.5224452018737793,1546641537.272483
10.620515823364258,-0.5202803611755371,1546641537.432379
10.63696575164795,-0.4980466365814209,1546641537.631695
10.747340202331543,-0.4376049041748047,1546641537.742753
10.767892837524414,-0.42006683349609375,1546641537.924992
10.737361907958984,-0.40802526473999023,1546641538.07195
10.736844062805176,-0.40088748931884766,1546641538.273261
10.793853759765625,-0.35362815856933594,1546641538.352796
10.802133560180664,-0.3258504867553711,1546641538.512095
10.826827049255371,-0.29097890853881836,1546641538.643505
10.832667350769043,-0.2774658203125,1546641538.733363
10.818551063537598,-0.2749295234680176,1546641538.864153
10.820833206176758,-0.2565608024597168,1546641538.982422
10.839675903320312,-0.22823381423950195,1546641539.16356
10.870553970336914,-0.164581298828125,1546641539.362248
10.909029006958008,-0.13451004028320312,1546641539.482909
10.933740615844727,-0.09383773803710938,1546641539.601912
10.946798324584961,-0.06479263305664062,1546641539.723296
10.977411270141602,-0.027556896209716797,1546641539.862719
11.009016990661621,0.0031609535217285156,1546641539.972161
11.034324645996094,0.0371861457824707,1546641540.092205
11.030122756958008,0.0643014907836914,1546641540.233517
11.042022705078125,0.10126924514770508,1546641540.343214
11.050813674926758,0.13355541229248047,1546641540.504628
11.057108879089355,0.16166305541992188,1546641540.612061
11.047690391540527,0.18663978576660156,1546641540.722371
11.071573257446289,0.18249845504760742,1546641540.831867
11.076644897460938,0.20636844635009766,1546641540.98189
11.114530563354492,0.21648836135864258,1546641541.082059
11.114904403686523,0.22844362258911133,1546641541.194058
11.136326789855957,0.2640111446380615,1546641541.342322
11.133810997009277,0.2928609848022461,1546641541.494424
11.132613182067871,0.3140599727630615,1546641541.58314
11.150375366210938,0.3474466800689697,1546641541.704714
11.16761302947998,0.39394521713256836,1546641541.86343
11.173246383666992,0.44493842124938965,1546641541.962239
11.189340591430664,0.49666810035705566,1546641542.083075
11.21041488647461,0.5478489398956299,1546641542.212095
11.229331970214844,0.5894036293029785,1546641542.332785
11.256028175354004,0.6305298805236816,1546641542.487687
11.265053749084473,0.6793460845947266,1546641542.605311
11.275384902954102,0.7272698879241943,1546641542.722156
11.284395217895508,0.7644257545471191,1546641542.843271
11.300455093383789,0.807550311088562,1546641542.974071
11.310442924499512,0.8471927642822266,1546641543.062098
11.304825782775879,0.8907817602157593,1546641543.172302
11.298749923706055,0.928149938583374,1546641543.322145
11.290432929992676,0.9591018557548523,1546641543.452277
11.300107955932617,1.004586935043335,1546641543.55255
11.300477027893066,1.0760092735290527,1546641543.812967
11.298912048339844,1.1225255727767944,1546641543.962486
11.306609153747559,1.2215962409973145,1546641544.253518
11.321659088134766,1.283884048461914,1546641544.35385
11.343194007873535,1.3370399475097656,1546641544.503493
11.348329544067383,1.3830852508544922,1546641544.594121
11.354337692260742,1.4418038129806519,1546641544.892466
11.361783027648926,1.495126724243164,1546641545.113746
11.409368515014648,1.6864328384399414,1546641545.172658
11.418768882751465,1.7731363773345947,1546641545.442943
11.429094314575195,1.8315154314041138,1546641545.543067
11.440162658691406,1.8931578397750854,1546641545.673748
11.452494621276855,1.9590011835098267,1546641545.793305
11.440632820129395,1.9915494918823242,1546641545.91218
11.445334434509277,2.032337188720703,1546641546.013451
11.444647789001465,2.067589282989502,1546641546.153387
11.450495719909668,2.1140103340148926,1546641546.318048
11.463024139404297,2.1801319122314453,1546641546.462053
11.477910995483398,2.2251200675964355,1546641546.55232
11.484286308288574,2.2778258323669434,1546641546.694158
11.485239028930664,2.3295419216156006,1546641546.793143
11.48863410949707,2.373198986053467,1546641546.923403
11.488852500915527,2.424182415008545,1546641547.042833
11.49966812133789,2.464055299758911,1546641547.162201
11.505642890930176,2.517646312713623,1546641547.283064
11.508894920349121,2.58528208732605,1546641547.404408
11.519882202148438,2.624565839767456,1546641547.53262
11.529330253601074,2.6781649589538574,1546641547.642333
11.524261474609375,2.723637104034424,1546641547.75428
11.548136711120605,2.767533779144287,1546641547.913605
11.554011344909668,2.816978693008423,1546641548.066867
11.557317733764648,2.8806467056274414,1546641548.1845
11.559819221496582,2.9204907417297363,1546641548.303597
11.563794136047363,2.9574971199035645,1546641548.412917
11.569458961486816,2.992647409439087,1546641548.554308
11.579059600830078,3.0302789211273193,1546641548.632079
11.577651977539062,3.085324287414551,1546641548.762619
11.587223052978516,3.137228012084961,1546641548.873979
11.598917007446289,3.194568395614624,1546641549.013026
11.608236312866211,3.2503557205200195,1546641549.122985
11.620299339294434,3.305741786956787,1546641549.262483
11.632586479187012,3.348947525024414,1546641549.37218
11.63696575164795,3.41640567779541,1546641549.512623
11.644102096557617,3.4683122634887695,1546641549.613395
11.65317440032959,3.5308165550231934,1546641549.752725
11.66106128692627,3.5926756858825684,1546641549.911267
11.671243667602539,3.683368444442749,1546641550.012586
11.687165260314941,3.743130683898926,1546641550.132141
11.69146728515625,3.7979817390441895,1546641550.25319
11.704150199890137,3.856884479522705,1546641550.372783
11.714366912841797,3.922985315322876,1546641550.493485
11.721654891967773,3.9745266437530518,1546641550.603546
11.739181518554688,4.034475326538086,1546641550.742223
11.744434356689453,4.099754810333252,1546641550.863276
11.756217002868652,4.139371395111084,1546641550.983364
11.75771713256836,4.189983367919922,1546641551.102218
11.76562213897705,4.234731674194336,1546641551.254284
11.774429321289062,4.2921857833862305,1546641551.435736
11.792946815490723,4.398394584655762,1546641551.632744
11.802326202392578,4.45139741897583,1546641551.763848
11.813713073730469,4.504724979400635,1546641551.884697
11.828581809997559,4.561733245849609,1546641552.002783
11.830674171447754,4.619290828704834,1546641552.11237
11.849477767944336,4.670720100402832,1546641552.232936
11.858139038085938,4.732718467712402,1546641552.342817
11.869710922241211,4.7903361320495605,1546641552.494158
11.876737594604492,4.838757514953613,1546641552.60257
11.891334533691406,4.87559700012207,1546641552.713722
11.900480270385742,4.919518947601318,1546641552.864408
11.904326438903809,4.960962295532227,1546641553.006047
11.912693977355957,4.998422622680664,1546641553.092787
11.919687271118164,5.03698205947876,1546641553.202767
11.922526359558105,5.074711799621582,1546641553.342438
11.929365158081055,5.1156840324401855,1546641553.47362
11.942154884338379,5.1504411697387695,1546641553.572326
11.94580364227295,5.187772750854492,1546641553.712511
11.947181701660156,5.250594139099121,1546641553.812569
11.95755386352539,5.315514087677002,1546641553.943466
11.971141815185547,5.386867046356201,1546641554.082569
11.98144245147705,5.446386337280273,1546641554.184207
11.991769790649414,5.512241363525391,1546641554.343956
11.986907958984375,5.565102577209473,1546641554.443479
11.992679595947266,5.6219024658203125,1546641554.582334
12.002439498901367,5.68114709854126,1546641554.696311
12.011938095092773,5.7371673583984375,1546641554.822549
12.01759147644043,5.801517486572266,1546641554.932318
12.024236679077148,5.854648113250732,1546641555.072829
12.036834716796875,5.913086891174316,1546641555.163017
12.037909507751465,5.971860408782959,1546641555.302763
12.051886558532715,6.025464057922363,1546641555.434669
12.055103302001953,6.080765247344971,1546641555.574984
12.058305740356445,6.144888877868652,1546641555.682672
12.06738567352295,6.198193550109863,1546641555.812263
12.067185401916504,6.251823425292969,1546641555.913502
12.06383991241455,6.296779632568359,1546641556.052586
12.05646800994873,6.342181205749512,1546641556.182509
12.056922912597656,6.387807369232178,1546641556.282367
12.062984466552734,6.430147647857666,1546641556.423052
12.067523002624512,6.478409767150879,1546641556.55342
12.069136619567871,6.52888298034668,1546641556.653613
12.063274383544922,6.572516441345215,1546641556.78338
12.041853904724121,6.616652488708496,1546641556.922684
12.065695762634277,6.662624359130859,1546641557.062871
12.063323020935059,6.70693302154541,1546641557.173004
12.067296981811523,6.752833843231201,1546641557.312219
12.075063705444336,6.8092732429504395,1546641557.434145
12.076272964477539,6.862825393676758,1546641557.605224
12.073720932006836,6.919024467468262,1546641557.692804
12.079816818237305,6.979319095611572,1546641557.803169
12.075652122497559,7.035423755645752,1546641557.912511
12.080066680908203,7.089873313903809,1546641558.023747
12.098411560058594,7.144111633300781,1546641558.153447
12.098628997802734,7.200172424316406,1546641558.303167
12.105844497680664,7.253839492797852,1546641558.433852
12.11218547821045,7.306574821472168,1546641558.542663
12.123138427734375,7.357878684997559,1546641558.64254
12.131856918334961,7.400946140289307,1546641558.783029
12.145434379577637,7.45919132232666,1546641558.894302
12.152666091918945,7.522666931152344,1546641559.032407
12.162822723388672,7.578527450561523,1546641559.135635
12.169618606567383,7.6328277587890625,1546641559.333399
12.175535202026367,7.688577651977539,1546641559.42318
12.181196212768555,7.741568565368652,1546641559.533756
12.188263893127441,7.793909072875977,1546641559.653037
12.192707061767578,7.845843315124512,1546641559.762503
12.198631286621094,7.875410079956055,1546641559.914666
12.194068908691406,7.866072654724121,1546641560.032734
12.195244789123535,7.854223728179932,1546641560.153484
12.191864967346191,7.847071647644043,1546641560.263039
12.197431564331055,7.846512317657471,1546641560.427729
12.19403076171875,7.848302841186523,1546641560.512509
12.194978713989258,7.8505167961120605,1546641560.652912
12.190107345581055,7.848907470703125,1546641560.772857
12.188450813293457,7.847989559173584,1546641560.892827
12.191157341003418,7.849546432495117,1546641561.004319
12.186405181884766,7.8500471115112305,1546641561.14246
12.186844825744629,7.849462509155273,1546641561.252794
12.192429542541504,7.850030899047852,1546641561.403275
12.187644958496094,7.848584175109863,1546641561.513462
12.193304061889648,7.848937034606934,1546641561.62244
12.19314956665039,7.848884582519531,1546641561.733408
12.188262939453125,7.849469184875488,1546641561.882712
12.190693855285645,7.8498005867004395,1546641561.982691
12.192972183227539,7.849752902984619,1546641562.123719
12.188169479370117,7.848705291748047,1546641562.243126
12.18697738647461,7.847989082336426,1546641562.395693
12.191113471984863,7.848220348358154,1546641562.525117
12.19349479675293,7.848118305206299,1546641562.603743
12.18935489654541,7.849120616912842,1546641562.752751
12.195395469665527,7.847840309143066,1546641562.86341
12.194737434387207,7.851153373718262,1546641563.003367
12.199576377868652,7.850005626678467,1546641563.114361
12.202102661132812,7.852155685424805,1546641563.222428
12.195566177368164,7.855872631072998,1546641563.373361
12.197254180908203,7.857582092285156,1546641563.493105
12.194820404052734,7.859517574310303,1546641563.603171
12.201898574829102,7.860989570617676,1546641563.713659
12.198410034179688,7.861756324768066,1546641563.842816
12.193708419799805,7.863592624664307,1546641563.99252
12.198328018188477,7.863958835601807,1546641564.104749
12.19625473022461,7.871809959411621,1546641564.243047
12.20008659362793,7.880128860473633,1546641564.356305
12.20396614074707,7.8845744132995605,1546641564.494295
12.204177856445312,7.889444351196289,1546641564.603386
12.209729194641113,7.898980140686035,1546641564.713931
12.206169128417969,7.911108016967773,1546641564.843771
12.205230712890625,7.922670364379883,1546641564.95382
12.207693099975586,7.932079315185547,1546641565.093783
12.209548950195312,7.948012828826904,1546641565.192952
12.216350555419922,7.964627265930176,1546641565.343434
12.217327117919922,7.974377632141113,1546641565.455169
12.217061042785645,7.973692893981934,1546641565.592803
12.215084075927734,7.969510555267334,1546641565.703213
12.22145938873291,7.965824127197266,1546641565.842606
12.22022819519043,7.966322898864746,1546641565.943343
12.224042892456055,7.971441268920898,1546641566.083293
12.218584060668945,7.978317737579346,1546641566.193032
12.22233772277832,7.983919620513916,1546641566.332474
12.227516174316406,7.988221168518066,1546641566.444304
12.223409652709961,7.9918646812438965,1546641566.592856
12.224249839782715,8.00120735168457,1546641566.702624
12.216367721557617,7.9976091384887695,1546641566.813648
12.22331714630127,7.992467880249023,1546641566.955589
12.22433090209961,7.994363784790039,1546641567.06265
12.227543830871582,7.995118141174316,1546641567.202589
12.222679138183594,7.998291015625,1546641567.313425
12.219980239868164,8.003612518310547,1546641567.494723
12.231118202209473,8.009865760803223,1546641567.614083
12.238689422607422,8.020599365234375,1546641567.703321
12.24294376373291,8.035174369812012,1546641567.812993
12.24591064453125,8.052360534667969,1546641567.952563
12.251937866210938,8.06948471069336,1546641568.06324
12.250014305114746,8.07127857208252,1546641568.173402
12.249651908874512,8.061952590942383,1546641568.322686
12.24636173248291,8.053849220275879,1546641568.442477
12.247151374816895,8.053976058959961,1546641568.553611
12.245692253112793,8.055166244506836,1546641568.692968
12.245598793029785,8.053833961486816,1546641568.813269
12.246581077575684,8.053816795349121,1546641568.923429
12.247726440429688,8.054092407226562,1546641569.063766
12.24626636505127,8.053679466247559,1546641569.182865
12.247525215148926,8.05356502532959,1546641569.294962
12.247282981872559,8.053735733032227,1546641569.463487
12.246410369873047,8.05378246307373,1546641569.552707
12.246561050415039,8.053560256958008,1546641569.66247
12.246580123901367,8.053647994995117,1546641569.812554
12.24610424041748,8.053750991821289,1546641569.923029
12.247279167175293,8.053647994995117,1546641570.033114
12.246460914611816,8.054078102111816,1546641570.174064
12.246209144592285,8.053906440734863,1546641570.28344
12.24587631225586,8.053747177124023,1546641570.463838
12.246543884277344,8.053801536560059,1546641570.544846
12.246780395507812,8.053695678710938,1546641570.652701
12.245983123779297,8.054485321044922,1546641570.793649
12.2459716796875,8.05402946472168,1546641570.913611
12.246970176696777,8.054139137268066,1546641571.02513
12.24726676940918,8.05351448059082,1546641571.172543
12.246960639953613,8.05370044708252,1546641571.282978
12.2456636428833,8.054180145263672,1546641571.446397
12.246652603149414,8.053732872009277,1546641571.524265
12.245448112487793,8.05368709564209,1546641571.672626
12.246841430664062,8.053459167480469,1546641571.783842
12.247339248657227,8.053505897521973,1546641571.902598
12.246713638305664,8.054277420043945,1546641572.002902
12.24757194519043,8.053670883178711,1546641572.152707
12.246683120727539,8.054278373718262,1546641572.253753
12.24710750579834,8.0537691116333,1546641572.412719
12.247840881347656,8.053584098815918,1546641572.533108
12.246988296508789,8.053618431091309,1546641572.644309
12.246910095214844,8.053237915039062,1546641572.772315
12.246807098388672,8.053494453430176,1546641572.892955
12.248242378234863,8.053159713745117,1546641573.003252
12.247156143188477,8.053321838378906,1546641573.166147
12.246992111206055,8.053396224975586,1546641573.283398
12.246256828308105,8.053940773010254,1546641573.415269
12.247200012207031,8.053668975830078,1546641573.549158
12.246767044067383,8.053755760192871,1546641573.63245
12.246469497680664,8.053619384765625,1546641573.752782
12.245687484741211,8.053702354431152,1546641573.892859
12.247526168823242,8.053741455078125,1546641574.014408
12.246813774108887,8.053293228149414,1546641574.11262
12.246971130371094,8.053651809692383,1546641574.262307
12.247686386108398,8.053539276123047,1546641574.393839
12.247503280639648,8.053001403808594,1546641574.522725
12.247888565063477,8.053244590759277,1546641574.633244
12.24649715423584,8.053730964660645,1546641574.742502
12.246307373046875,8.053606986999512,1546641574.852955
12.24743366241455,8.053780555725098,1546641575.003176
12.246551513671875,8.054044723510742,1546641575.113971
12.24707317352295,8.053526878356934,1546641575.252525
12.2468900680542,8.053994178771973,1546641575.365205
12.247909545898438,8.053544044494629,1546641575.472478
12.246923446655273,8.053653717041016,1546641575.622755
12.246790885925293,8.053512573242188,1546641575.733217
12.247210502624512,8.053547859191895,1546641575.872607
12.247166633605957,8.053465843200684,1546641575.992682
12.246965408325195,8.053627014160156,1546641576.104049
12.247220993041992,8.053190231323242,1546641576.222941
12.247457504272461,8.053267478942871,1546641576.374738
12.24731731414795,8.053430557250977,1546641576.492927
12.246720314025879,8.053370475769043,1546641576.613459
12.247936248779297,8.053068161010742,1546641576.732515
12.248553276062012,8.052949905395508,1546641576.833014
12.246567726135254,8.053622245788574,1546641576.983011
12.24641227722168,8.0530366897583,1546641577.09315
12.246596336364746,8.05368709564209,1546641577.243062
12.247295379638672,8.053266525268555,1546641577.35747
12.24639892578125,8.053818702697754,1546641577.462328
12.246477127075195,8.053810119628906,1546641577.58343
12.246667861938477,8.05373764038086,1546641577.723247
12.246936798095703,8.053145408630371,1546641577.83321
12.24736499786377,8.053421020507812,1546641577.983138
12.245314598083496,8.053428649902344,1546641578.095232
12.247023582458496,8.053037643432617,1546641578.204032
12.246097564697266,8.053460121154785,1546641578.355749
12.246740341186523,8.053383827209473,1546641578.51432
12.247442245483398,8.053508758544922,1546641578.605076
12.246440887451172,8.052751541137695,1546641578.712884
12.246012687683105,8.053293228149414,1546641578.823949
12.246001243591309,8.053888320922852,1546641578.972974
12.246642112731934,8.052952766418457,1546641579.08483
12.245245933532715,8.053144454956055,1546641579.203162
12.245735168457031,8.053670883178711,1546641579.344062
12.245820045471191,8.053424835205078,1546641579.472844
12.245438575744629,8.053665161132812,1546641579.582703
12.24622631072998,8.053751945495605,1546641579.6938
12.246007919311523,8.053645133972168,1546641579.832395
12.243611335754395,8.052753448486328,1546641580.013839
12.241806030273438,8.052337646484375,1546641580.093837
12.243972778320312,8.053140640258789,1546641580.203047
12.243215560913086,8.052776336669922,1546641580.494625
12.243409156799316,8.053176879882812,1546641580.692468
12.242826461791992,8.05293083190918,1546641580.846247
12.244887351989746,8.053244590759277,1546641581.082984
12.241711616516113,8.052301406860352,1546641581.223819
12.244688987731934,8.053165435791016,1546641581.462422
12.244245529174805,8.053573608398438,1546641581.70357
12.244325637817383,8.053131103515625,1546641581.812395
12.243167877197266,8.053174018859863,1546641582.054276
12.243145942687988,8.053278923034668,1546641582.332637
12.2442626953125,8.052986145019531,1546641582.444848
12.242216110229492,8.053360939025879,1546641582.682921
12.243032455444336,8.053011894226074,1546641582.822662
12.243631362915039,8.05280876159668,1546641583.072822
12.244140625,8.053186416625977,1546641583.316064
12.243205070495605,8.053389549255371,1546641583.433452
12.243285179138184,8.053011894226074,1546641583.672321
12.24150562286377,8.052997589111328,1546641583.824038
12.239548683166504,8.053263664245605,1546641584.053327
12.244009017944336,8.053065299987793,1546641584.303762
12.242061614990234,8.052547454833984,1546641584.493351
12.243907928466797,8.052884101867676,1546641584.662455
12.243531227111816,8.05258560180664,1546641584.905852
12.24317455291748,8.052840232849121,1546641585.064176
12.241467475891113,8.053074836730957,1546641585.312385
12.242222785949707,8.053013801574707,1546641585.433143
12.241386413574219,8.053070068359375,1546641585.682552
12.242791175842285,8.052209854125977,1546641585.922689
12.240638732910156,8.053176879882812,1546641586.033479
12.24110221862793,8.052826881408691,1546641586.262353
12.244312286376953,8.053526878356934,1546641586.413325
12.243096351623535,8.053070068359375,1546641586.653393
12.2407865524292,8.052995681762695,1546641586.883093
12.240851402282715,8.054113388061523,1546641587.014259
12.241289138793945,8.05303955078125,1546641587.243291
-6.506758654722944e-05,0.0012770305620506406,1546641674.556235
-0.002643224783241749,-0.0007032985449768603,1546641674.66459
-0.0030218767933547497,-0.00167780090123415,1546641674.762564
-0.0027888771146535873,-0.0022111220750957727,1546641674.882682
-0.00626375200226903,-0.0026644482277333736,1546641675.012547
-0.003767866175621748,-0.002138960873708129,1546641675.133505
-0.005541203077882528,-0.00355222774669528,1546641675.302506
-0.0065529728308320045,-0.004439626354724169,1546641675.414979
-0.005651676096022129,-0.0027521629817783833,1546641675.515515
-0.003073118394240737,-0.0016821353929117322,1546641675.643921
-0.00658632256090641,-0.00340997613966465,1546641675.773358
-0.003009911859408021,-0.0018233295995742083,1546641675.905566
-0.00500881252810359,-0.002935152966529131,1546641676.003224
-0.0033536581322550774,-0.0011178534477949142,1546641676.133088
-0.004339934792369604,-0.002268852898851037,1546641676.253826
-0.004523074254393578,-0.0027447259053587914,1546641676.383486
-0.005482961889356375,-0.0026074766647070646,1546641676.504185
-0.0023583730217069387,-0.002150146057829261,1546641676.622931
-0.003918999806046486,-0.003123853588476777,1546641676.755347
-0.0038080362137407064,-0.0029127090238034725,1546641676.91321
-0.00446336530148983,-0.004356801975518465,1546641677.055939
-0.00026341102784499526,-0.0012075507547706366,1546641677.270274
0.00013217625382822007,-0.0009897997369989753,1546641677.395767
2.610916635603644e-05,-0.0009093063999898732,1546641677.534525
-0.0004226539167575538,-0.0015585804358124733,1546641677.642662
-0.000269148702500388,-0.0010605958523228765,1546641677.755126
1.903592055896297e-05,-0.001114364480599761,1546641677.91818
7.892723078839481e-05,-0.0009741538087837398,1546641678.034964
-0.0001911249419208616,-0.0010841453913599253,1546641678.154151
-3.56924683728721e-05,-0.0010506469989195466,1546641678.242598
0.0001142495748354122,-0.0009377094102092087,1546641678.398194
0.00019521245849318802,-0.0010169405722990632,1546641678.492709
0.0,0.0,1546641745.827024
-0.00011617936979746446,-3.9787071727914736e-05,1546641745.945684
0.0003408054471947253,0.00035052496241405606,1546641746.065768
0.00016694911755621433,3.5751522773352917e-06,1546641746.165885
0.0001224032894242555,-0.00032217157422564924,1546641746.32582
0.0002150557265849784,0.00037621796946041286,1546641746.445851
0.0005551815847866237,0.00031424465123564005,1546641746.556231
4.318006904213689e-05,0.0001291843509534374,1546641746.675952
3.625242243288085e-05,-7.01930548530072e-05,1546641746.785979
4.1276682168245316e-05,3.639126953203231e-05,1546641746.935793
2.450898682582192e-05,-4.6366036258405074e-05,1546641747.046059
0.00010296484833816066,-1.2491856978158467e-05,1546641747.166056
0.00021170802938286215,0.00036348123103380203,1546641747.285899
-0.0003821053251158446,-0.00017553432553540915,1546641747.436142
-0.00013853167183697224,1.9261929992353544e-05,1546641747.546222
-7.330148491746513e-06,0.00018806163279805332,1546641747.655792
-0.00026240499573759735,-1.4591910257877316e-05,1546641747.806106
0.00017428401042707264,-0.0001609212631592527,1546641747.916057
0.0002278477477375418,6.545604264829308e-05,1546641748.055802
3.645197648438625e-05,3.123255737591535e-05,1546641748.175795
-8.332716242875904e-05,0.00023414382303599268,1546641748.275743
0.00021281478984747082,6.241261144168675e-05,1546641748.457354
4.3887253013963345e-06,0.00012283881369512528,1546641748.546005
-2.2158087631396484e-06,-0.00015536787395831198,1546641748.655765
0.0002748186234384775,2.3899976440588944e-05,1546641748.766011
0.0005433783517219126,0.0001252768124686554,1546641748.915799
-3.920284143532626e-05,0.0003118650638498366,1546641749.035928
3.343635398778133e-05,2.9237156923045404e-05,1546641749.155935
0.0004853466816712171,0.0003125299699604511,1546641749.265779
0.0003521774779073894,0.0003571914858184755,1546641749.436351
0.00014330167323350906,5.985784810036421e-05,1546641749.525955
0.0010358651634305716,0.0007797398720867932,1546641749.635889
-8.095759403659031e-05,-6.472612585639581e-05,1546641749.775795
0.0012660928769037127,0.000642528641037643,1546641749.89577
0.0002698953030630946,0.000415374874137342,1546641750.035755
8.2784299593186e-06,5.7842349633574486e-05,1546641750.146009
-0.00029189346241764724,0.00012100769527023658,1546641750.255951
0.0001327990903519094,3.253435352235101e-06,1546641750.415732
0.00037656284985132515,9.617437171982601e-05,1546641750.516109
-2.8756199753843248e-05,-0.00016913503350224346,1546641750.635962
3.617208858486265e-05,0.0002517658576834947,1546641750.746689
-0.00029886391712352633,0.0001536308554932475,1546641750.895765
0.00010027948155766353,8.503536810167134e-05,1546641751.005914
0.0007876449963077903,0.0006167112151160836,1546641751.155765
0.0001057082336046733,5.708623575628735e-05,1546641751.255928
-7.468635158147663e-05,0.00020773343567270786,1546641751.416923
0.00014234207628760487,5.964939555269666e-05,1546641751.485998
-0.0001782052859198302,0.00017484680574852973,1546641751.635846
0.0005189062794670463,0.00022104654635768384,1546641751.745865
0.0005138233536854386,0.00029450716101564467,1546641751.886482
-0.0001303576718783006,1.3934312846686225e-05,1546641752.005744
5.343244265532121e-05,7.87337776273489e-05,1546641752.116568
0.0001881855569081381,0.00017564307199791074,1546641752.256717
3.747576192836277e-05,0.00019495740707498044,1546641752.375753
-5.33059865119867e-05,3.1797331757843494e-05,1546641752.49592
0.0001750276132952422,1.3265957022667862e-05,1546641752.615741
0.00019530269491951913,3.40574151778128e-05,1546641752.725764
-9.339960524812341e-05,0.0001116351195378229,1546641752.875731
-0.00025097138131968677,3.36027005687356e-05,1546641752.995758
0.0004866028029937297,0.0003811099741142243,1546641753.106059
-8.053189958445728e-05,-3.409894270589575e-05,1546641753.25579
0.000859802239574492,0.00038925540866330266,1546641753.375795
0.0006159516633488238,0.00033268140396103263,1546641753.485887
0.00016053080616984516,-1.8166587324230932e-05,1546641753.596129
0.00011552363139344379,0.0002253172715427354,1546641753.735962
0.0001868122344603762,0.00019225958385504782,1546641753.846058
0.00011753961734939367,-6.404284067684785e-05,1546641753.996073
0.00016100429638754576,0.00011136590910609812,1546641754.106244
0.000276438076980412,0.00016389710071962327,1546641754.215942
-1.7495109204901382e-05,-7.616745278937742e-06,1546641754.387214
0.0004919981001876295,0.0003667212149593979,1546641754.558175
2.4896112336136866e-06,0.0001101506277336739,1546641754.816149
0.0002545417519286275,5.56798477191478e-05,1546641754.95626
0.00021732936147600412,-5.822295861435123e-05,1546641755.105755
-0.00014509292668662965,-8.801225339993834e-05,1546641755.226825
0.0004971591988578439,0.00017028556612785906,1546641755.345801
0.0002616191632114351,0.0001929193240357563,1546641755.446225
0.0005419498775154352,9.815315024752636e-06,1546641755.605734
0.0007609319873154163,0.0009600165067240596,1546641755.715939
-3.258360084146261e-05,0.0001312854583375156,1546641755.825808
5.417332431534305e-05,0.0002859992964658886,1546641755.967222
0.00020770718401763588,8.597645501140505e-05,1546641756.086377
0.0002450206666253507,0.00024134598788805306,1546641756.195784
0.00024444915470667183,0.0004994210321456194,1546641756.335852
0.0004905076348222792,0.00024581237812526524,1546641756.44668
0.0004302018787711859,0.00041134050115942955,1546641756.595754
0.0005003143451176584,0.0005757854669354856,1546641756.739034
0.0012576268054544926,0.0007295231334865093,1546641756.826148
0.0002814555773511529,0.00011370392894605175,1546641756.965908
0.000975358416326344,6.286679126787931e-05,1546641757.065873
0.00035856437170878053,0.00018146884394809604,1546641757.216347
0.0002105727617163211,-0.0001389592362102121,1546641757.325934
0.0002972956281155348,0.0003696715284604579,1546641757.436556
0.00018528493819758296,0.0002894558128900826,1546641757.575799
0.0013302541337907314,0.0008378262282349169,1546641757.685871
0.00013486672833096236,0.00014942359121050686,1546641757.82683
0.0006866605835966766,0.00045048698666505516,1546641757.935812
0.00020669253717642277,8.985141903394833e-05,1546641758.085849
0.0001980779634322971,-0.000116993862320669,1546641758.186522
1.1811664080596529e-05,-0.00027109106304124,1546641758.295916
-0.00021554883278440684,-0.00019310115021653473,1546641758.445787
0.0004154329653829336,0.00012152052659075707,1546641758.556272
-2.2596432245336473e-05,-0.0007005782099440694,1546641758.675752
-0.000260136992437765,-0.0002727439277805388,1546641758.825738
-0.000502042646985501,-0.0009671278530731797,1546641758.925737
-7.646353333257139e-05,-8.377111953450367e-05,1546641759.036733
0.0002471884072292596,4.31529879278969e-05,1546641759.175835
0.001418865518644452,0.0007869207765907049,1546641759.285816
0.0002771501604001969,-0.00013502425281330943,1546641759.635933
0.00016732823860365897,-6.127572851255536e-05,1546641759.785837
0.0004294962855055928,-0.0002912962227128446,1546641759.926737
0.00022569969587493688,-5.666818833560683e-05,1546641760.0459
5.1321705541340634e-05,7.0371343099395745e-06,1546641760.156471
0.0003255672927480191,-0.0001856263988884166,1546641760.305773
0.0006925722118467093,0.0008187851635739207,1546641760.447502
0.0003122714115306735,9.731664613354951e-05,1546641760.535762
0.0006935325218364596,0.00034370479988865554,1546641760.655722
0.0009106615907512605,-4.526375778368674e-05,1546641760.795967
-3.9016755181364715e-05,0.00024775636848062277,1546641760.90637
0.0014390251599252224,0.0007187893497757614,1546641761.015918
0.000256615225225687,-7.482408545911312e-05,1546641761.165857
0.0013734097592532635,0.0005976855754852295,1546641761.276218
0.001406570547260344,0.0005416051135398448,1546641761.435813
0.00016407566727139056,-1.6122774468385614e-05,1546641761.555796
0.00046145511441864073,-0.0003040859301108867,1546641761.675794
0.0002502586867194623,3.7634652017004555e-06,1546641761.786011
3.092767292400822e-05,6.593023135792464e-05,1546641761.905866
-7.781390741001815e-05,-1.0821776413649786e-05,1546641762.016467
0.00021981100144330412,0.00042605758062563837,1546641762.15578
0.0005288723623380065,0.0001439709885744378,1546641762.266261
0.00020799509366042912,0.00015166410594247282,1546641762.426397
0.0003625329118221998,0.00013198971282690763,1546641762.505744
0.00039391079917550087,0.00022042983619030565,1546641762.655915
0.00018635913147591054,0.00015532037650700659,1546641762.775952
-6.603832298424095e-05,0.00019020031322725117,1546641762.885773
0.0006041164160706103,0.00010737556294770911,1546641762.996183
0.0014426641864702106,0.0011679143644869328,1546641763.136167
0.0008785322424955666,0.0005459656240418553,1546641763.285925
0.0007321161683648825,-5.3193663916317746e-05,1546641763.40578
0.0008200666052289307,6.97338764439337e-05,1546641763.516046
0.0010509233688935637,0.0007565668202005327,1546641763.63589
0.0005588739295490086,0.0004720437282230705,1546641763.74603
0.0002683409256860614,-7.430464029312134e-05,1546641763.895991
0.00033123770845122635,0.00021127834042999893,1546641764.005866
0.0002631376846693456,0.00022994870960246772,1546641764.115822
0.000581812986638397,-0.0002726636012084782,1546641764.265803
0.000295043719233945,2.2241561964619905e-05,1546641764.386433
0.0005964022711850703,0.00020940951071679592,1546641764.5061
0.0003432671073824167,0.00011118586553493515,1546641764.625856
0.0004757215501740575,-2.400027005933225e-05,1546641764.736039
-0.00010014216968556866,0.00010625510185491294,1546641764.875979
0.0007164659909904003,0.00017290854884777218,1546641764.985984
0.001533216331154108,0.0009110721293836832,1546641765.125797
0.00042317595216445625,7.851773261791095e-05,1546641765.236043
0.0006125762010924518,0.0002872147597372532,1546641765.395899
0.0005423049442470074,0.0003615124151110649,1546641765.526623
0.0007630209438502789,8.097350655589253e-05,1546641765.596211
0.00013879397010896355,0.0001238828554050997,1546641765.735667
0.0002281950000906363,-0.00010381652828073129,1546641765.845869
0.00026878766948357224,0.00013087950355838984,1546641765.995935
0.0002965152671094984,0.00022669725876767188,1546641766.106165
0.0002248322416562587,-0.00020666886121034622,1546641766.236153
0.0004793875850737095,0.00014327143435366452,1546641766.346328
0.00021962296159472317,-0.00010192147601628676,1546641766.496227
0.00043153297156095505,0.00023787148529663682,1546641766.616211
0.0006179942283779383,-0.00025777649716474116,1546641766.72587
0.0014975896338000894,0.0004175349313300103,1546641766.846085
0.0012409331975504756,0.0004374537675175816,1546641766.98588
0.0003098590241279453,0.0002045749715762213,1546641767.096518
1.895342620628071e-06,0.00013636058429256082,1546641767.245791
0.00025431017274968326,3.179187115165405e-05,1546641767.35623
0.0005484598805196583,0.00031178040080703795,1546641767.465848
7.115330663509667e-05,0.0002360742073506117,1546641767.606101
0.0003019567811861634,0.00015328321023844182,1546641767.715841
0.0005397400818765163,0.00027320784283801913,1546641767.825932
0.00043941583135165274,0.00024172260600607842,1546641767.975745
0.0007648050086572766,0.001134737627580762,1546641768.085718
0.00024279636272694916,8.937269740272313e-06,1546641768.195906
0.0004675075178965926,0.00023505718854721636,1546641768.335777
0.0001816142030293122,6.316566577879712e-05,1546641768.44618
0.00031421022140420973,0.00032707725767977536,1546641768.595777
0.0006264454568736255,-0.00010156716598430648,1546641768.715785
0.0007731374353170395,0.0003963506023865193,1546641768.826249
0.000397397467168048,-6.175690214149654e-05,1546641768.965856
3.466381167527288e-05,-3.6116678529651836e-05,1546641769.075828
0.0003630063438322395,0.00027079583378508687,1546641769.195783
0.0012847671750932932,0.0007356077549047768,1546641769.33591
0.000710965134203434,0.00021941596060059965,1546641769.46684
0.00022910223924554884,-2.242037771793548e-05,1546641769.585836
0.00034617187338881195,2.865076567104552e-05,1546641769.69681
0.00046397667028941214,3.6659883335232735e-05,1546641769.815871
5.495137156685814e-05,0.00018243481463287026,1546641769.956314
0.00028853415278717875,9.770046744961292e-05,1546641770.065779
-0.0002897405356634408,5.8049150538863614e-05,1546641770.185761
7.014504808466882e-05,-0.0002086101594613865,1546641770.325831
0.0015467297052964568,0.0005364553653635085,1546641770.496619
-4.713768430519849e-05,-5.8312274632044137e-05,1546641770.576196
-8.303125650854781e-05,0.0002546416944824159,1546641770.696657
-0.00011368274135747924,-0.0001427186216460541,1546641770.805793
0.00039086543256416917,-0.00011212976096430793,1546641770.956017
0.0002924306318163872,8.144063758663833e-05,1546641771.066252
0.0008924075518734753,-0.00012071970559190959,1546641771.186953
0.0007271034992299974,0.00017482758266851306,1546641771.305814
0.008158648386597633,0.001800001598894596,1546641771.426034
0.019535070285201073,-0.00085606356151402,1546641771.566065
0.036532122641801834,-0.001592754852026701,1546641771.67685
0.05481027811765671,-0.004344907123595476,1546641771.816119
0.08522222936153412,-0.004870332311838865,1546641771.925846
0.12498435378074646,-0.00460426602512598,1546641772.045938
0.1801741123199463,-0.0038490965962409973,1546641772.145803
0.23996414244174957,-0.004396751988679171,1546641772.286612
0.3002735674381256,-0.006565919145941734,1546641772.425963
0.3560117483139038,-0.006957913748919964,1546641772.535724
0.4152456521987915,-0.005996774882078171,1546641772.667025
0.4698847234249115,-0.0031057968735694885,1546641772.786487
0.516703188419342,-0.00823785550892353,1546641772.936033
0.5706719160079956,-0.012790972366929054,1546641773.046149
0.6170125603675842,-0.01157919317483902,1546641773.15623
0.6774372458457947,-0.01411929540336132,1546641773.317187
0.7311861515045166,-0.02675555646419525,1546641773.416023
0.7793400883674622,-0.0397358201444149,1546641773.536135
0.8310912847518921,-0.04054000973701477,1546641773.646052
0.8846315741539001,-0.04640759900212288,1546641773.788513
0.9396219849586487,-0.05107210576534271,1546641773.936806
1.0135959386825562,-0.05640184134244919,1546641774.036021
1.0585120916366577,-0.07144521921873093,1546641774.156479
1.1090503931045532,-0.07330098748207092,1546641774.266144
1.1609671115875244,-0.07486695051193237,1546641774.438151
1.2076261043548584,-0.08469921350479126,1546641774.527993
1.259125828742981,-0.093009352684021,1546641774.69687
1.325085163116455,-0.09580153226852417,1546641774.807039
1.3843778371810913,-0.10487498342990875,1546641774.896283
1.4438570737838745,-0.11123377084732056,1546641775.03685
1.4997799396514893,-0.1110219955444336,1546641775.147588
1.5502612590789795,-0.12074191868305206,1546641775.256395
1.611027717590332,-0.12413734197616577,1546641775.419627
1.6668689250946045,-0.12765757739543915,1546641775.596858
1.7770015001296997,-0.14119072258472443,1546641775.796872
1.8322170972824097,-0.14463989436626434,1546641775.886548
1.8819526433944702,-0.1546449065208435,1546641775.99626
1.9382619857788086,-0.16107773780822754,1546641776.136351
1.9806289672851562,-0.15523098409175873,1546641776.24635
2.032475233078003,-0.17307472229003906,1546641776.396288
2.0901689529418945,-0.18595965206623077,1546641776.507105
2.1423850059509277,-0.18931686878204346,1546641776.668581
2.196558952331543,-0.19876590371131897,1546641776.776845
2.2526302337646484,-0.207276850938797,1546641776.896738
2.302976131439209,-0.2177710235118866,1546641777.006676
2.346046209335327,-0.2155860960483551,1546641777.116672
2.4088048934936523,-0.2263888418674469,1546641777.256736
2.450941562652588,-0.22182883322238922,1546641777.377274
2.5057742595672607,-0.2332834154367447,1546641777.486656
2.568922758102417,-0.2478322684764862,1546641777.616997
2.634033203125,-0.2576737105846405,1546641777.727035
2.6884989738464355,-0.26732778549194336,1546641777.918331
2.747429847717285,-0.27523088455200195,1546641778.037816
2.808479070663452,-0.2853199243545532,1546641778.126948
2.86844539642334,-0.2916858494281769,1546641778.226773
2.9217426776885986,-0.2929113209247589,1546641778.376736
2.9676215648651123,-0.2927606701850891,1546641778.486609
3.0277910232543945,-0.3040750324726105,1546641778.606623
3.07684588432312,-0.3060317933559418,1546641778.706467
3.1272614002227783,-0.31977465748786926,1546641778.847705
3.1800355911254883,-0.3235820531845093,1546641778.998741
3.222262382507324,-0.32627731561660767,1546641779.158206
3.2613182067871094,-0.32584768533706665,1546641779.279266
3.2912096977233887,-0.3128913640975952,1546641779.40825
3.330375909805298,-0.3065122961997986,1546641779.519611
3.3792672157287598,-0.3061811029911041,1546641779.59658
3.4220662117004395,-0.311294287443161,1546641779.716599
3.459049940109253,-0.3166332244873047,1546641779.856854
3.5001533031463623,-0.3107558488845825,1546641779.967903
3.5380818843841553,-0.3129770755767822,1546641780.077515
3.580613851547241,-0.309645414352417,1546641780.226811
3.6292707920074463,-0.31173497438430786,1546641780.336992
3.6786611080169678,-0.3169611096382141,1546641780.447548
3.7356035709381104,-0.3181697130203247,1546641780.628401
3.798950672149658,-0.316108763217926,1546641780.760337
3.854556083679199,-0.3134283125400543,1546641780.867701
3.9077117443084717,-0.32311034202575684,1546641780.976625
3.9627761840820312,-0.319624662399292,1546641781.087604
4.029677391052246,-0.31730425357818604,1546641781.196687
4.081422805786133,-0.3183596134185791,1546641781.337458
4.135164260864258,-0.3177195191383362,1546641781.517444
4.242564678192139,-0.32540374994277954,1546641781.766791
4.352886199951172,-0.3242078423500061,1546641781.937068
4.407504081726074,-0.32869309186935425,1546641782.097074
4.457004070281982,-0.32569578289985657,1546641782.238535
4.499998092651367,-0.3226161599159241,1546641782.327184
4.550299644470215,-0.3254740834236145,1546641782.436789
4.593581676483154,-0.3256535530090332,1546641782.547524
4.646732330322266,-0.3249035179615021,1546641782.726635
4.696060657501221,-0.32085102796554565,1546641782.897512
4.7915263175964355,-0.31923648715019226,1546641783.087833
4.850880146026611,-0.3216485381126404,1546641783.228893
4.901018142700195,-0.3254019618034363,1546641783.3274
4.956583499908447,-0.32339590787887573,1546641783.477696
5.02256441116333,-0.32552462816238403,1546641783.58114
5.072033882141113,-0.3257580101490021,1546641783.718409
5.154996871948242,-0.3274901509284973,1546641783.808431
5.215268611907959,-0.32669365406036377,1546641783.917267
5.273104667663574,-0.3280118703842163,1546641784.078161
5.342756748199463,-0.33350110054016113,1546641784.20676
5.401951789855957,-0.34607994556427,1546641784.332512
5.458971977233887,-0.35013747215270996,1546641784.468558
5.516719818115234,-0.3499927520751953,1546641784.567531
5.579333782196045,-0.3479337692260742,1546641784.697704
5.6319708824157715,-0.3584486246109009,1546641784.841958
5.67459774017334,-0.3548209071159363,1546641784.959016
5.729412078857422,-0.35968509316444397,1546641785.05832
5.785654544830322,-0.36376115679740906,1546641785.198912
5.837955474853516,-0.36901071667671204,1546641785.308397
5.915764331817627,-0.3700626492500305,1546641785.509594
6.02971076965332,-0.372006356716156,1546641785.677619
6.088696002960205,-0.38780677318573,1546641785.841513
6.14662504196167,-0.38808491826057434,1546641785.94751
6.196674346923828,-0.39221444725990295,1546641786.026935
6.251165390014648,-0.39543774724006653,1546641786.177144
6.301807403564453,-0.3985176384449005,1546641786.287961
6.357940196990967,-0.4030049741268158,1546641786.420629
6.411185264587402,-0.4158312678337097,1546641786.578877
6.470206260681152,-0.4177635908126831,1546641786.718553
6.508140563964844,-0.42617306113243103,1546641786.829168
6.563615322113037,-0.4302785396575928,1546641786.967616
6.659215450286865,-0.4320433735847473,1546641787.167602
6.709619045257568,-0.4414460062980652,1546641787.277273
6.76636266708374,-0.44748952984809875,1546641787.407819
6.839380741119385,-0.44237402081489563,1546641787.518268
6.890819549560547,-0.45193666219711304,1546641787.657253
6.960103511810303,-0.473323255777359,1546641787.778447
7.027143478393555,-0.47184473276138306,1546641787.942078
7.091704845428467,-0.48148834705352783,1546641788.051694
7.136610507965088,-0.4955087900161743,1546641788.173726
7.170941352844238,-0.5014626979827881,1546641788.2985
7.219151973724365,-0.5059764385223389,1546641788.387783
7.2859110832214355,-0.4940544068813324,1546641788.508779
7.341085433959961,-0.48388099670410156,1546641788.64725
7.372381687164307,-0.4920390844345093,1546641788.757916
7.417766094207764,-0.49433356523513794,1546641788.908157
7.468964576721191,-0.48611193895339966,1546641789.06846
7.512785911560059,-0.4881652593612671,1546641789.198556
7.622496128082275,-0.48089799284935,1546641789.387563
7.67191743850708,-0.4858417809009552,1546641789.500663
7.7476654052734375,-0.47755178809165955,1546641789.648469
7.808199405670166,-0.47337841987609863,1546641789.758149
7.862056732177734,-0.4847780466079712,1546641789.869054
7.9251389503479,-0.4835672080516815,1546641790.008549
7.973784446716309,-0.4873793125152588,1546641790.155165
8.031355857849121,-0.48637843132019043,1546641790.280082
8.065474510192871,-0.48361068964004517,1546641790.429066
8.170621871948242,-0.48114773631095886,1546641790.607539
8.19211483001709,-0.5034847855567932,1546641790.748127
8.255513191223145,-0.49707701802253723,1546641790.857443
8.308507919311523,-0.512164294719696,1546641791.011547
8.348490715026855,-0.5182914733886719,1546641791.119904
8.404068946838379,-0.5143266916275024,1546641791.276755
8.451569557189941,-0.5213299989700317,1546641791.459651
8.547261238098145,-0.5167953372001648,1546641791.618698
8.594246864318848,-0.5235207080841064,1546641791.747601
8.649944305419922,-0.5267429947853088,1546641791.858005
8.70535945892334,-0.5401812195777893,1546641791.977731
8.751642227172852,-0.5434679985046387,1546641792.087677
8.796667098999023,-0.5479891300201416,1546641792.247527
8.84815788269043,-0.5420281887054443,1546641792.358415
8.894442558288574,-0.5378431081771851,1546641792.468087
8.9500732421875,-0.5462846755981445,1546641792.628229
9.008748054504395,-0.5474113821983337,1546641792.781781
9.064591407775879,-0.5549089908599854,1546641792.937591
9.19975471496582,-0.5432270169258118,1546641793.097491
9.251059532165527,-0.5520727634429932,1546641793.207415
9.269097328186035,-0.5407998561859131,1546641793.338215
9.3163423538208,-0.5446575880050659,1546641793.48893
9.372190475463867,-0.5462777614593506,1546641793.620909
9.41576862335205,-0.5500263571739197,1546641793.717586
9.472748756408691,-0.5603159666061401,1546641793.848373
9.51148509979248,-0.5659021735191345,1546641793.959005
9.568462371826172,-0.5714936256408691,1546641794.079946
9.585119247436523,-0.5598215460777283,1546641794.187995
9.627222061157227,-0.5652552247047424,1546641794.338277
9.681407928466797,-0.5772929787635803,1546641794.457931
9.715639114379883,-0.5795167684555054,1546641794.577394
9.769688606262207,-0.5871996879577637,1546641794.708606
9.821929931640625,-0.5909267663955688,1546641794.869787
9.878705024719238,-0.5924645662307739,1546641794.998708
9.934821128845215,-0.5989589691162109,1546641795.130259
10.185785293579102,-0.6130807995796204,1546641795.328078
10.274065017700195,-0.6042757034301758,1546641795.489119
10.317753791809082,-0.6084792613983154,1546641795.587593
10.362500190734863,-0.6048392057418823,1546641795.709873
10.408286094665527,-0.5997982025146484,1546641795.828232
10.433557510375977,-0.5826897025108337,1546641795.93786
10.4573974609375,-0.5820251107215881,1546641796.059301
10.499418258666992,-0.5684333443641663,1546641796.188956
10.539916038513184,-0.5544987916946411,1546641796.309002
10.56267261505127,-0.5413209199905396,1546641796.501754
10.574987411499023,-0.5676031112670898,1546641796.747984
10.649580001831055,-0.5053901672363281,1546641796.937744
10.740996360778809,-0.45535802841186523,1546641797.047806
10.758904457092285,-0.4616248607635498,1546641797.167841
10.7520112991333,-0.4554100036621094,1546641797.317962
10.770184516906738,-0.44139719009399414,1546641797.49843
10.779067039489746,-0.44982385635375977,1546641797.730915
10.811395645141602,-0.41647863388061523,1546641797.992353
10.745123863220215,-0.3583488464355469,1546641798.179231
10.798295021057129,-0.3202238082885742,1546641798.29924
10.806888580322266,-0.3125910758972168,1546641798.430303
10.816083908081055,-0.2920083999633789,1546641798.548066
10.785518646240234,-0.27265119552612305,1546641798.659576
10.80810260772705,-0.23883676528930664,1546641798.779414
10.843854904174805,-0.2193584442138672,1546641798.898447
10.869309425354004,-0.1978893280029297,1546641799.040172
10.904067993164062,-0.16732168197631836,1546641799.148016
10.939142227172852,-0.12894296646118164,1546641799.259275
10.975065231323242,-0.0910944938659668,1546641799.489169
11.013772964477539,-0.06087636947631836,1546641799.668147
11.022050857543945,0.008564949035644531,1546641799.768177
11.032379150390625,0.04665374755859375,1546641799.889047
11.054421424865723,0.07857275009155273,1546641800.030016
11.042818069458008,0.11530256271362305,1546641800.139639
11.049792289733887,0.14410400390625,1546641800.27879
11.033042907714844,0.14645814895629883,1546641800.420562
11.043453216552734,0.1765756607055664,1546641800.570791
11.056200981140137,0.19256019592285156,1546641800.659477
11.080072402954102,0.21098637580871582,1546641800.757906
11.087702751159668,0.24257612228393555,1546641800.908137
11.102012634277344,0.26419973373413086,1546641801.018573
11.112505912780762,0.30015063285827637,1546641801.127936
11.120955467224121,0.3253638744354248,1546641801.26937
11.12345027923584,0.36348843574523926,1546641801.439548
11.145580291748047,0.4628629684448242,1546641801.619088
11.167274475097656,0.5152974128723145,1546641801.778853
11.191758155822754,0.5529773235321045,1546641801.890898
11.216917037963867,0.5959010124206543,1546641802.009349
11.223909378051758,0.6461029052734375,1546641802.10998
11.217979431152344,0.6930762529373169,1546641802.26002
11.233391761779785,0.7332735061645508,1546641802.371456
11.246878623962402,0.7830251455307007,1546641802.488234
11.243242263793945,0.8227168321609497,1546641802.62864
11.243159294128418,0.8523629903793335,1546641802.738984
11.250370979309082,0.8816149234771729,1546641802.850302
11.240495681762695,0.9210488796234131,1546641802.99828
11.249032020568848,0.9656825065612793,1546641803.120268
11.255913734436035,0.9992420673370361,1546641803.21957
11.246176719665527,1.0593838691711426,1546641803.430605
11.251627922058105,1.1080118417739868,1546641803.531291
11.25502872467041,1.1583962440490723,1546641803.628314
11.259212493896484,1.2240729331970215,1546641803.748586
11.275304794311523,1.272226095199585,1546641803.858751
11.29334545135498,1.3214830160140991,1546641803.969576
11.3023042678833,1.3715553283691406,1546641804.10836
11.311767578125,1.4329203367233276,1546641804.208969
11.31972885131836,1.4768939018249512,1546641804.339271
11.333918571472168,1.5056788921356201,1546641804.479148
11.344544410705566,1.5504999160766602,1546641804.588392
11.359830856323242,1.6163583993911743,1546641804.752694
11.375358581542969,1.71590256690979,1546641804.870302
11.391777038574219,1.77366042137146,1546641804.998788
11.412535667419434,1.8392565250396729,1546641805.109381
11.4306001663208,1.894317388534546,1546641805.208564
11.440349578857422,1.9549171924591064,1546641805.348326
11.44726848602295,2.0060877799987793,1546641805.44845
11.44869613647461,2.0676217079162598,1546641805.588771
11.450403213500977,2.1258747577667236,1546641805.68889
11.449921607971191,2.1672120094299316,1546641805.838315
11.447090148925781,2.188727378845215,1546641805.939149
11.460942268371582,2.23447585105896,1546641806.12011
11.468218803405762,2.2853851318359375,1546641806.218559
11.471668243408203,2.3312249183654785,1546641806.328682
11.47754955291748,2.3828649520874023,1546641806.478618
11.481813430786133,2.432976484298706,1546641806.589822
11.48900032043457,2.4859812259674072,1546641806.752935
11.494952201843262,2.5302748680114746,1546641806.838489
11.502542495727539,2.5921285152435303,1546641806.948532
11.50932502746582,2.648627758026123,1546641807.058715
11.509815216064453,2.70169734954834,1546641807.188293
11.522903442382812,2.752225399017334,1546641807.329284
11.534721374511719,2.803635835647583,1546641807.448894
11.535228729248047,2.856307029724121,1546641807.590012
11.549042701721191,2.891631603240967,1546641807.688655
11.557577133178711,2.9303038120269775,1546641807.799086
11.55339241027832,2.956136703491211,1546641807.929442
11.557241439819336,2.989668846130371,1546641808.112104
11.556549072265625,3.041971206665039,1546641808.209681
11.560626983642578,3.0913636684417725,1546641808.339033
11.566594123840332,3.148026704788208,1546641808.451055
11.572281837463379,3.203507900238037,1546641808.559227
11.586214065551758,3.2574515342712402,1546641808.669371
11.594237327575684,3.321340322494507,1546641808.818948
11.605303764343262,3.3783047199249268,1546641808.919937
11.613606452941895,3.4402730464935303,1546641809.04878
11.619071006774902,3.4882779121398926,1546641809.198527
11.62329387664795,3.5506491661071777,1546641809.298816
11.635517120361328,3.5973875522613525,1546641809.484279
11.642550468444824,3.6521401405334473,1546641809.573585
11.657547950744629,3.7154107093811035,1546641809.731659
11.666172981262207,3.8001177310943604,1546641809.830043
11.676817893981934,3.8585758209228516,1546641809.920215
11.687834739685059,3.9224629402160645,1546641810.038639
11.696300506591797,3.9833688735961914,1546641810.179337
11.702795028686523,4.04460334777832,1546641810.288683
11.711135864257812,4.11029052734375,1546641810.471017
11.72903823852539,4.160558700561523,1546641810.548281
11.739079475402832,4.197648525238037,1546641810.659463
11.74766731262207,4.252354621887207,1546641810.798982
11.757731437683105,4.316522598266602,1546641810.928639
11.765117645263672,4.36480712890625,1546641811.030166
11.774897575378418,4.419527530670166,1546641811.200527
11.780471801757812,4.492490768432617,1546641811.309756
11.791011810302734,4.548759460449219,1546641811.469812
11.818504333496094,4.659336566925049,1546641811.649511
11.833374977111816,4.719492435455322,1546641811.788384
11.840733528137207,4.784353256225586,1546641811.90014
11.857975959777832,4.838671684265137,1546641812.008899
11.85932445526123,4.893723011016846,1546641812.149068
11.865428924560547,4.935082912445068,1546641812.249049
11.887885093688965,4.978123188018799,1546641812.400409
11.891609191894531,5.016476631164551,1546641812.519212
11.88783073425293,5.049920558929443,1546641812.671566
11.893877029418945,5.0910139083862305,1546641812.815283
11.887596130371094,5.12423849105835,1546641812.899274
11.895525932312012,5.164267063140869,1546641812.999184
11.90438175201416,5.200995445251465,1546641813.138837
11.910970687866211,5.249434471130371,1546641813.269048
11.920928955078125,5.310554504394531,1546641813.370313
11.926621437072754,5.376619815826416,1546641813.500322
11.939987182617188,5.450597286224365,1546641813.638666
11.9459228515625,5.508624076843262,1546641813.729355
11.950037956237793,5.576233863830566,1546641813.860637
11.962246894836426,5.636907577514648,1546641814.041155
11.97004508972168,5.694128036499023,1546641814.109653
11.978434562683105,5.749741077423096,1546641814.241473
11.985190391540527,5.812552452087402,1546641814.379351
11.998831748962402,5.870696067810059,1546641814.50153
12.00084114074707,5.931903839111328,1546641814.598747
12.010032653808594,5.985422134399414,1546641814.730532
12.015015602111816,6.04172420501709,1546641814.899702
12.021353721618652,6.103637218475342,1546641815.00931
12.024847030639648,6.164022445678711,1546641815.108973
12.03476333618164,6.216874599456787,1546641815.230249
12.039044380187988,6.273586273193359,1546641815.370563
12.04459285736084,6.3296990394592285,1546641815.468471
12.044010162353516,6.373361587524414,1546641815.609967
12.058066368103027,6.41803503036499,1546641815.748871
12.055922508239746,6.465032577514648,1546641815.83877
12.05387020111084,6.506793022155762,1546641815.969081
12.055373191833496,6.558978080749512,1546641816.108415
12.065290451049805,6.611180305480957,1546641816.208942
12.05264949798584,6.6566362380981445,1546641816.339781
12.063361167907715,6.696824550628662,1546641816.511002
12.05842399597168,6.740734577178955,1546641816.630685
12.058746337890625,6.78791618347168,1546641816.738863
12.063748359680176,6.834371566772461,1546641816.848632
12.058984756469727,6.884397506713867,1546641816.960204
12.062906265258789,6.937727928161621,1546641817.089301
12.066423416137695,6.992415904998779,1546641817.22856
12.076103210449219,7.054934978485107,1546641817.328554
12.08062744140625,7.1099534034729,1546641817.478825
12.082076072692871,7.16361665725708,1546641817.588421
12.089350700378418,7.214224338531494,1546641817.718694
12.095209121704102,7.266392230987549,1546641817.820711
12.101757049560547,7.318273067474365,1546641817.959102
12.109262466430664,7.368029594421387,1546641818.100857
12.116738319396973,7.419498443603516,1546641818.210401
12.117674827575684,7.469051361083984,1546641818.319186
12.129188537597656,7.529588222503662,1546641818.459592
12.135658264160156,7.5931477546691895,1546641818.569433
12.143446922302246,7.648756980895996,1546641818.709316
12.15434455871582,7.7054290771484375,1546641818.809208
12.15776538848877,7.760467052459717,1546641818.948751
12.165461540222168,7.81595516204834,1546641819.078873
12.185802459716797,7.8648881912231445,1546641819.188909
12.189672470092773,7.917581081390381,1546641819.318641
12.19507884979248,7.947023391723633,1546641819.46303
12.199722290039062,7.936880111694336,1546641819.579873
12.194723129272461,7.9272613525390625,1546641819.680485
12.193807601928711,7.917531967163086,1546641819.818755
12.19570541381836,7.916316986083984,1546641819.929458
12.185494422912598,7.9268598556518555,1546641820.06872
12.198200225830078,7.922605991363525,1546641820.191284
12.192672729492188,7.923096179962158,1546641820.320842
12.185853958129883,7.923914909362793,1546641820.453038
12.192768096923828,7.923140525817871,1546641820.569692
12.190455436706543,7.92109489440918,1546641820.67139
12.190303802490234,7.920745849609375,1546641820.832051
12.196212768554688,7.918647766113281,1546641820.961466
12.197158813476562,7.9186296463012695,1546641821.078739
12.197017669677734,7.918389320373535,1546641821.189891
12.19603443145752,7.9181742668151855,1546641821.309691
12.196688652038574,7.918181419372559,1546641821.440634
12.193748474121094,7.9185872077941895,1546641821.561094
12.195944786071777,7.918649673461914,1546641821.679696
12.196722984313965,7.918020725250244,1546641821.791173
12.196718215942383,7.917728424072266,1546641821.938525
12.196681022644043,7.917847156524658,1546641822.058878
12.196305274963379,7.918295860290527,1546641822.169492
12.195590019226074,7.918436050415039,1546641822.300118
12.196114540100098,7.91890811920166,1546641822.502329
12.197065353393555,7.920529365539551,1546641822.689855
12.195929527282715,7.923976898193359,1546641822.810803
12.195921897888184,7.926883697509766,1546641822.930135
12.198589324951172,7.927657127380371,1546641823.040531
12.197769165039062,7.929060459136963,1546641823.160001
12.199202537536621,7.931512832641602,1546641823.298986
12.201064109802246,7.931046009063721,1546641823.420223
12.201394081115723,7.931973934173584,1546641823.538627
12.1985445022583,7.935512542724609,1546641823.658766
12.200859069824219,7.941717147827148,1546641823.799362
12.200175285339355,7.94948148727417,1546641823.919084
12.201416015625,7.95479154586792,1546641824.039309
12.203453063964844,7.9582200050354,1546641824.160602
12.2047700881958,7.969171524047852,1546641824.269606
12.206697463989258,7.9798736572265625,1546641824.419495
12.2108793258667,7.991176605224609,1546641824.539604
12.212420463562012,8.002730369567871,1546641824.659918
12.213475227355957,8.017891883850098,1546641824.769942
12.216473579406738,8.036130905151367,1546641824.919453
12.218497276306152,8.043991088867188,1546641825.01958
12.217480659484863,8.044812202453613,1546641825.138878
12.216341018676758,8.040517807006836,1546641825.281433
12.21915054321289,8.035866737365723,1546641825.411834
12.21862506866455,8.03592300415039,1546641825.539905
12.218438148498535,8.041675567626953,1546641825.64901
12.21893310546875,8.047113418579102,1546641825.760179
12.22219181060791,8.0540132522583,1546641825.878899
12.224613189697266,8.057588577270508,1546641825.988717
12.222631454467773,8.06343936920166,1546641826.139425
12.225431442260742,8.072460174560547,1546641826.240621
12.221884727478027,8.066963195800781,1546641826.389359
12.224196434020996,8.063399314880371,1546641826.488996
12.222857475280762,8.064227104187012,1546641826.629383
12.223855972290039,8.065017700195312,1546641826.738659
12.225449562072754,8.067405700683594,1546641826.879363
12.223978042602539,8.073530197143555,1546641826.988564
12.22391414642334,8.08147144317627,1546641827.140403
12.229438781738281,8.092658042907715,1546641827.249301
12.234380722045898,8.10655403137207,1546641827.381658
12.239202499389648,8.123588562011719,1546641827.490787
12.244865417480469,8.141838073730469,1546641827.620121
12.24252986907959,8.143230438232422,1546641827.729054
12.240264892578125,8.133806228637695,1546641827.859097
12.23907470703125,8.125250816345215,1546641827.999293
12.237611770629883,8.125927925109863,1546641828.109505
12.236889839172363,8.127525329589844,1546641828.209174
12.235943794250488,8.126053810119629,1546641828.353451
12.238188743591309,8.125513076782227,1546641828.500286
12.235576629638672,8.12631893157959,1546641828.609641
12.235593795776367,8.126237869262695,1546641828.719482
12.238580703735352,8.125083923339844,1546641828.860256
12.236710548400879,8.125594139099121,1546641828.960775
12.236175537109375,8.12634563446045,1546641829.098899
12.237419128417969,8.125965118408203,1546641829.239092
12.237310409545898,8.125319480895996,1546641829.349444
12.23783016204834,8.125350952148438,1546641829.480157
12.239431381225586,8.123930931091309,1546641829.580082
12.235406875610352,8.126582145690918,1546641829.730155
12.237264633178711,8.12617301940918,1546641829.84101
12.236906051635742,8.126008987426758,1546641829.980367
12.238784790039062,8.125378608703613,1546641830.081394
12.240039825439453,8.125113487243652,1546641830.228754
12.239798545837402,8.12407398223877,1546641830.351089
12.236156463623047,8.125736236572266,1546641830.451
12.236154556274414,8.126705169677734,1546641830.59937
12.238180160522461,8.125357627868652,1546641830.70889
12.23685359954834,8.126360893249512,1546641830.84885
12.23809814453125,8.125166893005371,1546641830.960109
12.240872383117676,8.124143600463867,1546641831.091507
12.23787784576416,8.125174522399902,1546641831.199713
12.23803424835205,8.125383377075195,1546641831.328961
12.239872932434082,8.124176979064941,1546641831.491303
12.23594856262207,8.126401901245117,1546641831.581594
12.236276626586914,8.126113891601562,1546641831.719646
12.238009452819824,8.125428199768066,1546641831.818878
12.241669654846191,8.123801231384277,1546641831.959417
12.238739013671875,8.125234603881836,1546641832.068828
12.23647689819336,8.126246452331543,1546641832.208669
12.237780570983887,8.125743865966797,1546641832.321489
12.236736297607422,8.125957489013672,1546641832.458905
12.235729217529297,8.126472473144531,1546641832.568983
12.237004280090332,8.126192092895508,1546641832.678671
12.237434387207031,8.125909805297852,1546641832.81937
12.238923072814941,8.124754905700684,1546641832.918744
12.238948822021484,8.125396728515625,1546641833.059483
12.237728118896484,8.125659942626953,1546641833.19878
12.235396385192871,8.126352310180664,1546641833.299362
12.23841667175293,8.12625789642334,1546641833.449192
12.236278533935547,8.126359939575195,1546641833.560207
12.237893104553223,8.1257963180542,1546641833.699163
12.238314628601074,8.126157760620117,1546641833.809309
12.238321304321289,8.125166893005371,1546641833.921719
12.237582206726074,8.125971794128418,1546641834.050405
12.237288475036621,8.126062393188477,1546641834.188875
12.237547874450684,8.126315116882324,1546641834.289191
12.239733695983887,8.124394416809082,1546641834.471967
12.238160133361816,8.125141143798828,1546641834.561116
12.239374160766602,8.125782012939453,1546641834.660299
12.238100051879883,8.125785827636719,1546641834.799223
12.237958908081055,8.126200675964355,1546641834.909929
12.238485336303711,8.125362396240234,1546641835.039793
12.240358352661133,8.124849319458008,1546641835.179355
12.239906311035156,8.12474536895752,1546641835.278905
12.238078117370605,8.125616073608398,1546641835.421027
12.238143920898438,8.125255584716797,1546641835.519675
12.237189292907715,8.125832557678223,1546641835.65035
12.238222122192383,8.124995231628418,1546641835.789036
12.237053871154785,8.125863075256348,1546641835.901439
12.237459182739258,8.125555992126465,1546641836.031671
12.2371244430542,8.125752449035645,1546641836.16892
12.238180160522461,8.124885559082031,1546641836.26898
12.237476348876953,8.124691009521484,1546641836.429458
12.235898971557617,8.125929832458496,1546641836.549771
12.237849235534668,8.125548362731934,1546641836.688894
12.237629890441895,8.1251859664917,1546641836.789072
12.2398099899292,8.124212265014648,1546641836.900292
12.238716125488281,8.125214576721191,1546641837.03905
12.23769474029541,8.12524127960205,1546641837.15151
12.240791320800781,8.12393569946289,1546641837.259566
12.237544059753418,8.124996185302734,1546641837.398871
12.23836898803711,8.124526977539062,1546641837.509333
12.236336708068848,8.124739646911621,1546641837.639635
12.239337921142578,8.124316215515137,1546641837.749266
12.236686706542969,8.125139236450195,1546641837.87853
12.23718547821045,8.12368392944336,1546641838.019468
12.237311363220215,8.125916481018066,1546641838.128844
12.240022659301758,8.125089645385742,1546641838.269807
12.239803314208984,8.12430477142334,1546641838.36936
12.240715980529785,8.12500286102295,1546641838.509613
12.239237785339355,8.124770164489746,1546641838.609416
12.235366821289062,8.126705169677734,1546641838.750793
12.238941192626953,8.125298500061035,1546641838.890274
12.240012168884277,8.124628067016602,1546641838.99894
12.240890502929688,8.124874114990234,1546641839.13888
12.238810539245605,8.12539291381836,1546641839.23875
12.234479904174805,8.126251220703125,1546641839.381033
12.232149124145508,8.125702857971191,1546641839.550219
12.23091983795166,8.123329162597656,1546641839.650196
12.229805946350098,8.12602710723877,1546641839.759375
12.233236312866211,8.125924110412598,1546641840.030699
12.233710289001465,8.125261306762695,1546641840.270252
12.234723091125488,8.124719619750977,1546641840.379426
12.231006622314453,8.125244140625,1546641840.648694
12.230674743652344,8.124775886535645,1546641840.758708
12.232501983642578,8.125256538391113,1546641840.990619
12.230072021484375,8.124429702758789,1546641841.258775
12.231758117675781,8.124156951904297,1546641841.360453
12.231314659118652,8.1244478225708,1546641841.63107
12.230419158935547,8.125167846679688,1546641841.868994
12.232844352722168,8.124125480651855,1546641842.008993
12.231356620788574,8.124287605285645,1546641842.258824
12.232346534729004,8.12468433380127,1546641842.36218
12.232297897338867,8.123575210571289,1546641842.59915
12.234143257141113,8.124748229980469,1546641842.869065
12.231224060058594,8.124812126159668,1546641842.979709
12.229228973388672,8.125246047973633,1546641843.249065
12.23005485534668,8.125322341918945,1546641843.349151
12.231337547302246,8.124465942382812,1546641843.621999
12.228765487670898,8.124361991882324,1546641843.85859
12.230547904968262,8.12410831451416,1546641843.958754
12.229202270507812,8.123676300048828,1546641844.228855
12.226885795593262,8.123964309692383,1546641844.469404
12.22756576538086,8.123443603515625,1546641844.599461
12.230167388916016,8.124031066894531,1546641844.840753
12.230955123901367,8.124216079711914,1546641844.978675
12.230045318603516,8.124080657958984,1546641845.209323
12.228836059570312,8.122857093811035,1546641845.4792
12.229281425476074,8.124382019042969,1546641845.588794
12.227046012878418,8.123610496520996,1546641845.828843
12.229308128356934,8.122949600219727,1546641845.958739
12.229806900024414,8.124672889709473,1546641846.180321
12.231932640075684,8.124855995178223,1546641846.476671
12.232004165649414,8.124662399291992,1546641846.578632
12.23204231262207,8.12412166595459,1546641846.810012
